area,population
500,8300.0
600,9200.0
700,10099.999999999998
800,10999.999999999998
900,11899.999999999996
1000,12799.999999999996
1100,13699.999999999996
1200,14599.999999999996
1300,15499.999999999996
1400,16399.999999999996
